Generique,7,9,1968,absolon,ami,cuillere,Anis,,,,,,,
Generique,24,11,1976,adrien,ami,cuillere,Anis,,,,,,,
Generique,17,10,1961,alain,ami,cuillere,Anis,,,,,,,
Generique,13,8,1966,amaury,ami,cuillere,Anis,,,,,,,
Generique,22,11,1982,anatole,ami,cuillere,Anis,,,,,,,
Generique,20,9,1970,annette,ami,cuillere,Anis,,,,,,,
Generique,2,11,1974,anselme,ami,Four,Anis,,,,,,,
Generique,19,1,1989,arnaud,ami,Four,Anis,trompette,,,,,,
Generique,24,5,1978,barthelemy,ami,Four,Anis,trompette,,,,,,
Generique,5,9,1985,benoit,ami,Four,Anis,trompette,,,,,,
Generique,6,6,1996,brice,ami,Four,zigzag,trompette,,,,,,
Generique,14,11,1972,carole,collegue,Four,zigzag,trompette,,,,,,
Generique,24,2,1988,celestin,collegue,Four,zigzag,trompette,,,,,,
Generique,6,3,1990,chloe,collegue,Four,zigzag,trompette,,,,,,
Generique,15,3,1967,christophe,collegue,Four,zigzag,trompette,,,,,,
Generique,1,8,1987,claudine,collegue,Four,zigzag,trompette,,,,,,
Generique,11,3,1961,clementine,collegue,Four,zigzag,trompette,,,,,,
Generique,18,9,1998,dieudonnee,collegue,cuillere,zigzag,trompette,,,,,,
Generique,5,1,1985,donatien,collegue,cuillere,zigzag,,,,,,,
Generique,5,4,1982,edwige,collegue,cuillere,zigzag,,,,,,,
Generique,27,9,1995,emilie,collegue,cuillere,zigzag,,,,,,,
Generique,26,10,1984,ermenegilde,collegue,cuillere,zigzag,,,,,,,
Generique,27,2,1983,esmee,collegue,cuillere,,,,,,,,
Generique,19,8,1975,faustine,collegue,cuillere,,,,,,,,
Generique,19,8,1960,felicien,collegue,,,,,,,,,
Personnel,14,2,1975,fernande,7827299435,Cellulaire,cuillere,Anis,,,,,,
Personnel,7,3,1997,fifi,2421343644,Cellulaire,cuillere,Anis,,,,,,
Personnel,23,5,1986,franeois,9050473316,Cellulaire,cuillere,Anis,,,,,,
Personnel,2,4,1979,frederique,2399463013,Cellulaire,cuillere,Anis,,,,,,
Personnel,11,3,1979,genevieve,4163620882,Cellulaire,cuillere,Anis,,,,,,
Personnel,25,2,1962,germain,4715738195,Cellulaire,cuillere,Anis,,,,,,
Personnel,6,8,1986,gervaise,8532435674,Cellulaire,Four,Anis,,,,,,
Personnel,6,7,1994,gigi,8558136503,Cellulaire,Four,Anis,trompette,,,,,
Personnel,2,11,1979,gilberte,9424313709,Cellulaire,Four,Anis,trompette,,,,,
Personnel,7,8,1996,hortense,5081957415,Cellulaire,Four,Anis,trompette,,,,,
Personnel,20,3,2000,hugues,3641919223,Cellulaire,Four,zigzag,trompette,,,,,
Personnel,17,5,1960,irenee,9650910491,Cellulaire,Four,zigzag,trompette,,,,,
Personnel,26,9,1982,jereme,4638602817,Cellulaire,Four,zigzag,trompette,,,,,
Personnel,16,10,1970,josee,9303893709,Cellulaire,Four,zigzag,trompette,,,,,
Personnel,1,1,1963,josephine,8975787118,Cellulaire,Four,zigzag,trompette,,,,,
Personnel,20,1,1979,jourdain,5164889779,Cellulaire,Four,zigzag,trompette,,,,,
Personnel,20,10,1970,jules,1528466380,Cellulaire,Four,zigzag,trompette,,,,,
Personnel,3,3,1989,juliette,1668209489,Cellulaire,cuillere,zigzag,trompette,,,,,
Personnel,20,7,1972,laure,1438900440,Cellulaire,cuillere,Anis,,,,,,
Personnel,2,7,1974,leandre,3313210639,Cellulaire,cuillere,Anis,,,,,,
Personnel,6,3,1991,leonce,1461407524,Maison,cuillere,Anis,,,,,,
Personnel,18,7,1995,leontine,4794117573,Maison,cuillere,Anis,,,,,,
Personnel,5,11,1963,leopold,9799480787,Maison,cuillere,Anis,,,,,,
Personnel,2,8,1980,lothaire,7764854655,Maison,cuillere,Anis,,,,,,
Personnel,23,2,1980,luce,6592485409,Maison,Four,Anis,,,,,,
Personnel,24,5,1972,lucien,2829642405,Maison,Four,Anis,trompette,,,,,
Personnel,10,10,1977,lucille,8910795514,Maison,Four,Anis,trompette,,,,,
Personnel,19,3,1993,margot,9121939164,Maison,Four,Anis,trompette,,,,,
Personnel,22,2,1989,martine,2028882192,Maison,Four,zigzag,trompette,,,,,
Personnel,17,4,1965,mathieu,3712143438,Maison,Four,zigzag,trompette,,,,,
Personnel,26,3,1981,maximilienne,7194653038,Maison,Four,zigzag,trompette,,,,,
Personnel,4,3,1996,modestine,3124004465,Maison,Four,zigzag,trompette,,,,,
Personnel,17,5,1984,morgaine,2445018569,Maison,Four,zigzag,trompette,,,,,
Personnel,2,6,1978,ninette,7137176132,Maison,Four,zigzag,trompette,,,,,
Personnel,25,1,1964,olivie,9842551513,Maison,Four,zigzag,trompette,,,,,
Personnel,8,1,1968,ozanne,5395737779,Maison,cuillere,zigzag,trompette,,,,,
Personnel,2,6,1987,papillion,3952200835,Maison,cuillere,zigzag,,,,,,
Personnel,3,7,1995,penelope,6857301879,Maison,cuillere,,,,,,,
Personnel,6,3,1993,regine,4331922224,Maison,cuillere,,,,,,,
Personnel,2,3,1961,rene,9922731458,Maison,cuillere,,,,,,,
Commercial,EntrepriseAB,21,9,1981,rochelle,1184014322,Bureau,1570373812,Cellulaire,8543554600,Maison,cuillere,Anis,
Commercial,EntrepriseC,24,2,1961,salome,2941248813,Bureau,2498550344,Cellulaire,4549772742,Maison,cuillere,Anis,
Commercial,EntrepriseBC,14,3,1999,sebastienne,3277761582,Bureau,3376452843,Cellulaire,7886232409,Maison,cuillere,Anis,
Commercial,EntrepriseBC,26,3,1997,serge,7339293477,Bureau,5511544559,Cellulaire,5994608238,Maison,cuillere,Anis,
Commercial,EntrepriseAB,26,6,1964,sylvestre,4497149374,Bureau,5685434146,Cellulaire,2489931691,Maison,Four,Anis,
Commercial,EntrepriseC,1,8,1964,thibault,6663864890,Bureau,9982154227,Cellulaire,5106635533,Maison,Four,Anis,trompette
Commercial,EntrepriseAC,8,11,1997,timothee,5344048855,Bureau,6634383176,Cellulaire,2693560716,Maison,Four,Anis,trompette
Commercial,EntrepriseAC,8,7,1991,valere,8542987011,Bureau,9410338381,Cellulaire,9882532718,Maison,Four,Anis,trompette
Commercial,EntrepriseAC,24,9,1983,valerie,5907076947,Bureau,1848194785,Cellulaire,5824477980,Maison,Four,zigzag,trompette
Commercial,EntrepriseB,15,10,1979,veronique,7768591389,Bureau,5949830584,Cellulaire,7822872526,Maison,Four,zigzag,trompette
Commercial,EntrepriseB,20,2,1986,vespasien,1924694820,Bureau,8966305155,Cellulaire,9005346868,Maison,Four,zigzag,trompette
Commercial,EntrepriseB,10,5,1976,vivienne,4112492453,Bureau,3913823234,Cellulaire,4676123679,Maison,Jambon,cacahuete,
Commercial,EntrepriseBC,17,3,1997,yvette,4878964754,Bureau,3218277566,Cellulaire,9754582566,Maison,Jambon,cacahuete,
Commercial,EntrepriseA,24,4,1977,zacharie,2946728088,Bureau,7122753292,Cellulaire,8199060601,Maison,Jambon,,
